MAE,RMSE,Spearman_rho,sign_accuracy,INVEST_recall,INVEST_precision,n_target,n_added
0.07754681188545728,0.0971174500922107,0.14736842105263157,0.8421052631578947,0.4,1.0,19,0
0.07645159200551833,0.0945303646629921,0.3675889328063242,0.6363636363636364,0.14285714285714285,0.3333333333333333,22,3
0.0774710936137199,0.09882855127890941,0.3453846153846154,0.64,0.14285714285714285,0.25,25,6
0.06860702146851587,0.0907866497543703,0.4756431308155446,0.6428571428571429,0.25,0.3333333333333333,28,9
0.05977833601297388,0.07693174008447153,0.6560483870967743,0.8064516129032258,0.6,0.75,31,12
0.07359958951634517,0.11485578863098098,0.5996944232238349,0.7647058823529411,0.6666666666666666,0.6666666666666666,34,15
