MAE,RMSE,sign_accuracy,INVEST_recall,config,n_features
0.05208695978701903,0.06692099932473117,0.7878787878787878,0.5454545454545454,full,69
0.05208695978701903,0.06692099932473117,0.7878787878787878,0.5454545454545454,no_stda,65
0.05208695978701903,0.06692099932473117,0.7878787878787878,0.5454545454545454,no_ksod,66
0.05208695978701903,0.06692099932473117,0.7878787878787878,0.5454545454545454,no_stda_no_ksod,62
0.05208695978701903,0.06692099932473117,0.7878787878787878,0.5454545454545454,no_dft,61
0.05208695978701903,0.06692099932473117,0.7878787878787878,0.5454545454545454,rdkit_only,54
