MAE,RMSE,Spearman_rho,sign_accuracy,INVEST_recall,INVEST_precision,stage,n_target
0.07754681188545728,0.0971174500922107,0.14736842105263157,0.8421052631578947,0.4,1.0,pre_round1,19
0.05208695978701903,0.06692099932473117,0.7496657754010696,0.7878787878787878,0.5454545454545454,0.75,post_round1_excl_nh23,33
0.07359958951634517,0.11485578863098098,0.5996944232238349,0.7647058823529411,0.6666666666666666,0.6666666666666666,post_round1_incl_nh23,34
0.1015311782464534,0.131696016188467,0.5964285714285712,0.6,0.2857142857142857,0.6666666666666666,round1_deployment,15
